{
    "train": {
        "losses": [
            -15.859940268776633,
            -25.141192696311258,
            -33.631145824085586,
            -44.96916614879262,
            -60.19910638982599
        ],
        "revenues": [
            16.128203305331144,
            26.82575052434748,
            40.48633089932528,
            49.05370677601207,
            65.30962996049361
        ],
        "holding_costs": [
            0.2682636326009577,
            1.6845556714318015,
            6.855188022960316,
            4.084539153359153,
            5.11052096973766
        ]
    },
    "dev": {
        "losses": [
            -21.273306005141315,
            -34.86489419376149,
            -43.14099659639246,
            -53.76517351935892,
            -75.9215913660386
        ],
        "revenues": [
            21.521102905273438,
            36.16840227912454,
            45.12187823127298,
            56.778829237994024,
            84.04730224609375
        ],
        "holding_costs": [
            0.24779718413072474,
            1.3035070475410013,
            1.9808760250315947,
            3.0136556064381317,
            8.125700670130113
        ]
    }
}