{
    "train": {
        "losses": [
            -14.076961517333984,
            -21.48088871348988,
            -34.884618585759945,
            -58.47833945534446,
            -110.30573619495739,
            -164.98663052645597,
            -185.3581875887784,
            -198.9585848721591,
            -206.87620960582387,
            -212.7276944247159,
            -211.59415505149147,
            -211.61228249289772,
            -203.8120450106534,
            -170.548583984375,
            -180.19938243519175,
            -209.52099609375,
            -193.12986061789772,
            -209.6109952059659,
            -192.17325661399147,
            -205.56620094992897,
            -214.98803156072444,
            -215.08522727272728,
            -219.05197975852272,
            -210.49377996271306,
            -186.69934636896306,
            -201.40105091441762,
            -208.92356178977272,
            -206.29344038529828,
            -206.75349010120738,
            -205.50119295987216,
            -219.61509565873578,
            -208.56639515269887,
            -207.34732887961647,
            -211.7102938565341,
            -220.54993785511363,
            -224.19177800958806,
            -224.79572642933238,
            -224.2047674005682,
            -224.73262717507103,
            -214.23367032137784,
            -216.87208695845172,
            -222.12041126598012,
            -213.70899547230113,
            -219.5533447265625,
            -212.49033979936078,
            -226.1631414240057,
            -223.54403963955966,
            -227.21205832741478,
            -227.03748668323863,
            -227.57546719637784
        ],
        "revenues": [
            14.282754724675959,
            21.938882307572797,
            39.65182217684659,
            62.70754727450284,
            127.9544608376243,
            264.9035755504261,
            223.20587158203125,
            254.39136297052556,
            265.83880615234375,
            280.93069735440343,
            270.8237193714489,
            257.23397549715907,
            248.63049871271306,
            191.80694580078125,
            207.32887961647728,
            273.9195168235085,
            311.738730690696,
            272.0792902166193,
            223.417236328125,
            247.51055908203125,
            290.4229736328125,
            294.69555109197444,
            270.9875987659801,
            251.91386829723012,
            213.85120183771306,
            240.72007612748578,
            297.9519542347301,
            298.94327059659093,
            250.18302778764203,
            245.4465664950284,
            284.8513682972301,
            303.9633511629972,
            296.0752674449574,
            257.486533425071,
            266.1818570223722,
            285.72018155184657,
            289.5174005681818,
            276.35592373934657,
            278.9322620738636,
            298.5054931640625,
            295.9155439897017,
            277.2138782848011,
            251.43813254616478,
            289.493896484375,
            298.58085493607956,
            282.7943503639915,
            270.7221957120028,
            280.2178566672585,
            277.2650534889915,
            281.91644287109375
        ],
        "holding_costs": [
            0.20579357580705124,
            0.457995821129192,
            4.767202767458829,
            4.229212760925293,
            17.648737647316672,
            99.91696721857244,
            37.84764931418679,
            55.43278850208629,
            58.96259099786932,
            68.20299183238636,
            59.229571949351914,
            45.62168329412287,
            44.81847104159269,
            21.258376728404652,
            27.129469784823332,
            64.39851934259588,
            118.60886174982244,
            62.46827559037642,
            31.243994972922586,
            41.94433871182528,
            75.43494207208806,
            79.61034601384944,
            51.93561068448153,
            41.42012093283913,
            27.151851307262074,
            39.31902521306818,
            89.02835776589133,
            92.64985656738281,
            43.42951549183238,
            39.94536937366832,
            65.23624073375355,
            95.39693659002131,
            88.72791637073864,
            45.776221535422586,
            45.63190945712003,
            61.528410478071734,
            64.72161449085583,
            52.15113136985085,
            54.199616865678266,
            84.27184642444958,
            79.04341264204545,
            55.093471180308946,
            37.72911071777344,
            69.94058366255327,
            86.09054010564631,
            56.63121865012429,
            47.17815191095526,
            53.00580250133168,
            50.22758969393644,
            54.34100688587535
        ]
    },
    "dev": {
        "losses": [
            -17.85829790900735,
            -30.32841132668888,
            -49.29556812959559,
            -81.5777390423943,
            -124.15707936006434,
            -164.59893798828125,
            -176.91102510340073,
            -186.37047262752756,
            -192.6389950022978,
            -191.6024887982537,
            -188.2679946001838,
            -195.01267377068015,
            -168.0454532398897,
            -164.8420015222886,
            -185.51211009306067,
            -171.1211888930377,
            -185.4485455681296,
            -183.24306353400735,
            -184.1605619542739,
            -196.97420726102942,
            -192.73082419002756,
            -201.06646728515625,
            -200.25758272058823,
            -179.85301298253677,
            -180.80083869485293,
            -194.7092715992647,
            -174.38829848345588,
            -193.7371323529412,
            -186.67694450827207,
            -196.87876981847427,
            -195.3006196863511,
            -182.55636776194854,
            -202.00267118566177,
            -200.65419634650735,
            -202.83869844324448,
            -201.88392549402573,
            -202.13162051930146,
            -200.15477079503677,
            -200.97381591796875,
            -196.7003604664522,
            -203.59923239315256,
            -195.91561351102942,
            -203.21404311236213,
            -191.58422313017005,
            -205.0323486328125,
            -204.30008473115808,
            -204.8555477366728,
            -206.04562916475183,
            -204.5396405388327,
            -205.8971342198989
        ],