{
    "train": {
        "losses": [
            -13.757461201060902,
            -21.14731389825994,
            -33.24675750732422,
            -51.00032112815163,
            -82.49136907404119,
            -134.92718228426847,
            -169.7301164106889,
            -186.53786399147728,
            -188.6466258655895,
            -190.48478560014203,
            -201.12776877663353,
            -206.40470747514203,
            -209.78952858664772,
            -210.73832563920453,
            -214.1454190340909,
            -214.9375887784091,
            -215.29124311967328,
            -194.85218117453834,
            -190.1429998224432,
            -207.83056640625,
            -204.606201171875,
            -213.36448530717328,
            -214.76974764737216,
            -219.97885409268466,
            -220.87086070667613,
            -223.11601118607953,
            -220.49070601029828,
            -222.40886341441762,
            -221.90931840376422,
            -225.49727561257103,
            -226.0658624822443,
            -226.31383167613637,
            -225.55946488813922,
            -229.1481045809659,
            -225.66075550426137,
            -227.88655783913353,
            -227.9382657137784,
            -226.98640025745738,
            -225.7412997159091,
            -230.09053178267047,
            -231.99482865767047,
            -234.05033735795453,
            -233.74756969105113,
            -233.61097301136363,
            -235.55891002308238,
            -236.75380637428978,
            -234.37139892578125,
            -234.97509765625,
            -234.81443093039772,
            -235.3122003728693
        ],
        "revenues": [
            13.965340007435191,
            21.60358359596946,
            36.99305447665128,
            56.75450827858665,
            90.06355285644531,
            190.34765347567472,
            231.18466463955966,
            242.4773615056818,
            264.96848366477275,
            232.35954700816762,
            274.8434559215199,
            270.36538973721593,
            265.1596180308949,
            293.94203879616475,
            265.7051447088068,
            287.43318314985794,
            292.7123746004972,
            226.51910400390625,
            219.83240855823863,
            268.07082297585225,
            293.8200128728693,
            279.92456609552556,
            264.84220747514206,
            279.8965010209517,
            291.97025923295456,
            280.1150068803267,
            289.8043712269176,
            283.0728038441051,
            271.5552257191051,
            285.2274447354403,
            291.4696322354403,
            283.22497003728694,
            299.8582930131392,
            293.43541925603694,
            300.3115955699574,
            291.39440363103694,
            289.0523515181108,
            298.2312733043324,
            275.12109929865056,
            297.26493696732956,
            286.79048295454544,
            291.8941483931108,
            294.61285400390625,
            286.8116621537642,
            300.5648359818892,
            291.0001775568182,
            305.2076027610085,
            286.12284712357956,
            310.06238347833806,
            286.5758223100142
        ],
        "holding_costs": [
            0.20787995511835272,
            0.4562667120586742,
            3.7463018894195557,
            5.754186110063032,
            7.572192712263628,
            55.420474312522195,
            61.4545863758434,
            55.93948641690341,
            76.32186196067117,
            41.87476210160689,
            73.7156552401456,
            63.960669777610086,
            55.370142156427555,
            83.20372425426136,
            51.55969099564986,
            72.49560546875,
            77.42113009366122,
            31.666899247602984,
            29.689421220259234,
            60.24023298783736,
            89.21380060369319,
            66.56006275523792,
            50.07245844060724,
            59.917637218128554,
            71.0994443026456,
            56.99902482466264,
            69.31365134499289,
            60.66395152698863,
            49.645892056551844,
            59.730192704634234,
            65.40377946333452,
            56.911167491566054,
            74.29884893243963,
            64.28730773925781,
            74.65084977583452,
            63.507838856090196,
            61.114101063121446,
            71.24485778808594,
            49.37977461381392,
            67.1744315407493,
            54.795654296875,
            57.84380409934304,
            60.865266279740766,
            53.20068498091264,
            65.00594537908381,
            54.24634898792613,
            70.83617886629972,
            51.147739757191054,
            75.24797890403055,
            51.26361292058771
        ]
    },
    "dev": {
        "losses": [
            -17.733724257525274,
            -28.912734985351562,
            -46.25672015021829,
            -67.18583948471966,
            -111.86536542107078,
            -128.87659229951745,
            -164.248436422909,
            -155.1075995950138,
            -175.51874138327207,
            -182.98670690199907,
            -184.4866153492647,
            -190.3016357421875,
            -190.00899550494026,
            -195.89568373736213,
            -196.99995332605698,
            -191.78675752527573,
            -195.04743867761948,
            -174.91693474264707,
            -188.73194077435662,
            -183.75205006318933,
            -190.52870088465073,
            -194.69836784811582,
            -197.11394904641543,
            -198.77520751953125,
            -200.7399399701287,
            -200.93180936925552,
            -200.5693862017463,
            -201.7709171070772,
            -202.10423009535845,
            -201.65455178653494,
            -202.80326933019302,
            -203.1098955939798,
            -202.4118975471048,
            -204.2000229779412,
            -202.18752872242646,
            -203.99219468060662,
            -201.77332979090073,
            -203.6509614832261,
            -205.6629136029412,
            -206.76963536879595,
            -206.57470344094668,
            -205.9391192267923,
            -204.96619370404412,
            -207.0790118049173,
            -207.6472670611213,
            -208.01757094439338,
            -207.32457419002756,
            -208.18275002872244,
            -209.55110078699448,
            -209.20420927159927
        ],