{
    "train": {
        "losses": [
            -160.3611921830611
        ],
        "revenues": [
            160.38640247691762
        ],
        "holding_costs": [
            0.025243981487371704
        ]
    },
    "dev": {
        "losses": [
            -148.98906573127297
        ],
        "revenues": [
            149.00918399586396
        ],
        "holding_costs": [
            0.020111083984375
        ]
    }
}