{
    "train": {
        "losses": [
            -106.89903397993608
        ],
        "revenues": [
            106.92427756569602
        ],
        "holding_costs": [
            0.02524398131804033
        ]
    },
    "dev": {
        "losses": [
            -99.31933952780331
        ],
        "revenues": [
            99.33944522633271
        ],
        "holding_costs": [
            0.020111083984375
        ]
    }
}