{
    "test": {
        "loss": -111.56535441080729,
        "revenue": 133.1327346801758,
        "holding_costs": 0.00391693115234375
    }
}