{
    "test": {
        "loss": -74.37595926920572,
        "revenue": 88.75515289306641,
        "holding_costs": 0.00391693115234375
    }
}