{
    "test": {
        "loss": -85.01191813151041,
        "revenue": 113.88387451171874,
        "holding_costs": 15.728530883789062
    }
}