{
    "test": {
        "loss": -10.737761815388998,
        "revenue": 21.997913360595703,
        "holding_costs": 10.579799270629882
    }
}