{
    "test": {
        "loss": -20.643405151367187,
        "revenue": 39.50932922363281,
        "holding_costs": 17.20644416809082
    }
}