{
    "test": {
        "loss": -32.29563954671224,
        "revenue": 61.105221557617185,
        "holding_costs": 26.05367088317871
    }
}