{
    "test": {
        "loss": -10.706533177693684,
        "revenue": 22.14030342102051,
        "holding_costs": 10.772535705566407
    }
}