{
    "train": {
        "losses": [
            -481.134033203125
        ],
        "revenues": [
            481.1591907848011
        ],
        "holding_costs": [
            0.02524397827007554
        ]
    },
    "dev": {
        "losses": [
            -447.0074103860294
        ],
        "revenues": [
            447.0275448069853
        ],
        "holding_costs": [
            0.020111083984375
        ]
    }
}