{
    "test": {
        "loss": -12.774976348876953,
        "revenue": 25.183924865722656,
        "holding_costs": 9.855377388000488
    }
}