{
    "test": {
        "loss": -25.156632741292317,
        "revenue": 54.811563110351564,
        "holding_costs": 24.105942916870116
    }
}