{
    "test": {
        "loss": -9.764095942179361,
        "revenue": 21.397040176391602,
        "holding_costs": 10.727174663543702
    }
}