{
    "test": {
        "loss": -17.75438054402669,
        "revenue": 38.382817077636716,
        "holding_costs": 18.30295600891113
    }
}