{
    "test": {
        "loss": -8.40882848103841,
        "revenue": 21.90074462890625,
        "holding_costs": 10.877138900756837
    }
}