{
    "test": {
        "loss": -17.274268849690756,
        "revenue": 40.20890579223633,
        "holding_costs": 18.391919136047363
    }
}