{
    "test": {
        "loss": -8.408829879760741,
        "revenue": 21.900552368164064,
        "holding_costs": 10.876975631713867
    }
}