{
    "test": {
        "loss": -28.00033009847005,
        "revenue": 61.74851531982422,
        "holding_costs": 27.042539215087892
    }
}