{
    "test": {
        "loss": -16.670230356852212,
        "revenue": 32.64003677368164,
        "holding_costs": 11.712994194030761
    }
}