{
    "test": {
        "loss": -28.93730010986328,
        "revenue": 67.33279876708984,
        "holding_costs": 31.47108726501465
    }
}