{
    "train": {
        "losses": [
            -3.2790934389287774,
            -8.878888910466975,
            -14.753016038374467,
            -20.594511205499824,
            -26.376767938787285,
            -32.05197975852273,
            -37.64085665616122,
            -43.05460565740412,
            -48.27490095658736,
            -53.334124478426844
        ],
        "revenues": [
            3.313051397150213,
            8.982493487271396,
            14.944937272505326,
            20.89303380792791,
            26.809444080699574,
            32.65440784801137,
            38.44105391068892,
            44.10108323530717,
            49.62150018865412,
            55.015600031072445
        ],
        "holding_costs": [
            0.03395801071416248,
            0.10360486534508792,
            0.19192041592164474,
            0.2985257235440341,
            0.4326765157959678,
            0.6024274717677723,
            0.800197037783536,
            1.0464781631122937,
            1.346595980904319,
            1.6814691370183772
        ]
    },
    "dev": {
        "losses": [
            -7.019691018497243,
            -13.10244863173541,
            -19.0503755457261,
            -24.879345613367416,
            -30.652765610638788,
            -36.26703868192785,
            -41.69462405934053,
            -46.96621524586397,
            -52.02241695628447,
            -56.873405905330884
        ],
        "revenues": [
            7.061100903679343,
            13.20428040448357,
            19.23146909825942,
            25.166262907140396,
            31.08685931037454,
            36.8869530172909,
            42.533425723805145,
            48.09990826775046,
            53.48402315027573,
            58.71773214901195
        ],
        "holding_costs": [
            0.04141070825212142,
            0.10183211284525254,
            0.1810921921449549,
            0.28691794241175933,
            0.43409600678612204,
            0.6199168808319989,
            0.8387973869548124,
            1.133691338931813,
            1.4616069513208725,
            1.8443260753855986
        ]
    }
}