{
    "train": {
        "losses": [
            -1.9605905359441584,
            -2.428963444449685,
            -3.2460208372636274,
            -4.870364102450284,
            -7.843816583806818,
            -13.032160672274502,
            -22.662218614058062,
            -45.28970059481534,
            -110.5301943692294,
            -102.32806604558772,
            -116.91011740944602,
            -104.82406893643466,
            -111.76399092240767,
            -134.0530340021307,
            -146.44314297762784,
            -165.09185513583097,
            -171.66243397105825,
            -181.83834838867188,
            -184.78580821644175,
            -186.15417757901278,
            -189.5335554643111,
            -194.05210737748578,
            -198.37483908913353,
            -205.05662397904828,
            -210.25061590021306,
            -213.98404762961647,
            -217.48741566051137,
            -222.22032026811078,
            -225.52979625355113,
            -228.68156849254262,
            -226.1510564630682,
            -230.01856023615056,
            -230.1611328125,
            -233.48911909623578,
            -237.71072110262784,
            -237.97278386896306,
            -239.30854381214488,
            -239.88196355646306,
            -243.86317027698863,
            -251.31128484552556,
            -255.03875732421875,
            -256.34316184303975,
            -259.5846613103693,
            -261.5039728338068,
            -260.98140092329544,
            -262.1024003462358,
            -263.60333251953125,
            -266.10388738458806,
            -268.41857355291194,
            -268.80179110440343
        ],
        "revenues": [
            1.9806841936978428,
            2.4537809545343574,
            3.279926386746493,
            4.9210685383189805,
            7.929032239046964,
            13.189797834916549,
            23.017560785466973,
            46.69734746759588,
            128.83305497602984,
            242.69750144264916,
            129.68433449485084,
            113.80556418678977,
            123.2666182084517,
            161.2335732199929,
            236.30793900923297,
            217.46415571732953,
            227.30982000177556,
            274.6530040394176,
            285.7351573597301,
            272.6359197443182,
            282.63467684659093,
            286.836631081321,
            283.5425914417614,
            304.5369484641335,
            307.1099853515625,
            309.1822398792614,
            312.49143288352275,
            314.88855535333806,
            312.5998701615767,
            315.6639959161932,
            316.9320456764915,
            299.91769131747157,
            306.1932927911932,
            313.9629183682528,
            310.39526922052556,
            308.9827159534801,
            314.3890769264915,
            305.5366876775568,
            314.86038485440343,
            324.3384843306108,
            323.73451926491475,
            324.3471568714489,
            331.36035711115056,
            333.076865456321,
            321.57208251953125,
            336.03214888139206,
            333.9426768909801,
            332.6943858753551,
            337.44412508877843,
            343.872353293679
        ],
        "holding_costs": [
            0.020093830471689052,
            0.02481719580563632,
            0.03390510922128504,
            0.050704314627430656,
            0.08521440354260532,
            0.15763800523497842,
            0.3553430438041687,
            1.407643274827437,
            18.30284612829035,
            140.3694180575284,
            12.774234078147195,
            8.981487967751242,
            11.502622257579457,
            27.18055031516335,
            89.86479048295455,
            52.37230058149858,
            55.647424177689985,
            92.81467645818537,
            100.94935469193892,
            86.48170887340198,
            93.10114218971945,
            92.78448208895597,
            85.16776899857955,
            99.48036748712713,
            96.85938332297586,
            95.19818808815695,
            95.004038030451,
            92.66823369806463,
            87.07005726207386,
            86.98240800337358,
            90.78097118030895,
            69.89913940429688,
            76.0321835604581,
            80.47374239834872,
            72.68451066450639,
            71.00993208451705,
            75.08053034002131,
            65.65473799272017,
            70.99725619229403,
            73.0271786776456,
            68.6957674893466,
            68.00396589799361,
            71.77572770552202,
            71.57289400967684,
            60.59070656516335,
            73.9297138560902,
            70.33933604847302,
            66.59047629616477,
            69.02549743652344,
            75.07061212713069
        ]
    },
    "dev": {
        "losses": [
            -2.2805060779347137,
            -2.8631161521462833,
            -4.129762986127068,
            -6.650943195118623,
            -10.705258762135225,
            -18.52804116641774,
            -33.09297539206112,
            -75.42783849379596,
            175.84691664751838,
            -126.05361040900735,
            -104.57055305032169,
            -105.40177109662224,
            -119.85654584099265,
            -134.53114588120405,
            -148.4838310690487,
            -158.62566241096047,
            -160.9437058392693,
            -152.92871273265166,
            -166.9959160299862,
            -168.95661118451287,
            -167.9441187241498,
            -174.40418198529412,
            -175.59859690946692,
            -176.46151194852942,
            -183.48587574678308,
            -179.85920625574448,
            -190.32203046013328,
            -192.70344633214614,
            -194.79993573357078,
            -201.82383458754595,
            -201.75463149126838,
            -192.4117270076976,
            -205.67457849839155,
            -207.02194752412683,
            -209.0531831629136,
            -210.44945571001838,
            -211.44702866498162,
            -208.2622465245864,
            -214.10923138786765,
            -218.78994571461396,
            -215.37314022288604,
            -222.0904864142923,
            -219.79417868221506,
            -218.13181080537683,
            -220.14712344898896,
            -223.4371732823989,
            -220.99726777918198,
            -225.27298512178308,
            -228.10696231617646,
            -226.79820341222427
        ],