{
    "test": {
        "loss": -125.43829549153646,
        "revenue": 211.9881164550781,
        "holding_costs": 55.74821472167969
    }
}